date,갈치
2024-01-01,2132.947236248757
2024-02-01,2358.6604548617656
2024-03-01,1790.544875574059
2024-04-01,1159.6221567843645
2024-05-01,325.3999868719054
2024-06-01,846.7468320491938
2024-07-01,688.9936800953336
2024-08-01,496.91729524990285
2024-09-01,978.4092187839833
2024-10-01,2087.1720521675716
2024-11-01,3081.8428671109828
2024-12-01,2224.4806569080383
