date,참조기
2024-01-01,11.72668463489515
2024-02-01,0.0
2024-03-01,34.98461471706821
2024-04-01,12.903989881448545
2024-05-01,0.0
2024-06-01,0.0
2024-07-01,1.835948470081556
2024-08-01,33.334560156006276
2024-09-01,27.870408636716384
2024-10-01,127.98728384490326
2024-11-01,263.4264663690003
2024-12-01,180.02696013895948
